{
  "think": {
    "avg_entropy_by_layer": {
      "0": 2.7117256947926114,
      "1": 3.634765477407546,
      "2": 3.5587039788564048,
      "3": 1.8224356515066964,
      "4": 1.8688218820662725,
      "5": 1.235517217999413,
      "6": 1.7394583792913527,
      "7": 1.8331194207781838,
      "8": 2.052729816663833,
      "9": 1.9235969952174596,
      "10": 2.157184850601923,
      "11": 2.554355507805234,
      "12": 2.637562047867548,
      "13": 2.081775216829209,
      "14": 2.3819282395499095,
      "15": 2.1830626328786216,
      "16": 2.5104730469839915,
      "17": 2.3495255141031173,
      "18": 2.668349061693464,
      "19": 2.7655565227781023,
      "20": 2.085415999094645,
      "21": 2.795922869727725,
      "22": 2.618836033911932,
      "23": 2.7008267641067505,
      "24": 2.433595407576788,
      "25": 1.5380215701602755,
      "26": 2.2905088492802212,
      "27": 2.672116960797991,
      "28": 2.27995088554564,
      "29": 1.9615407188733418,
      "30": 1.8057642039798556,
      "31": 2.92669339407058,
      "32": 2.311076079096113,
      "33": 1.9898816347122192,
      "34": 2.79247632480803,
      "35": 2.699067615327381
    },
    "std_entropy_by_layer": {
      "0": 0.46458418203446505,
      "1": 0.4844023973676621,
      "2": 0.4075334450974904,
      "3": 0.55636907135444,
      "4": 0.39593826713368624,
      "5": 0.3476574914646567,
      "6": 0.6268499369112299,
      "7": 0.8716230034794166,
      "8": 0.732091090253725,
      "9": 0.41845617144023955,
      "10": 0.6760856793967835,
      "11": 0.6543900861013358,
      "12": 0.5716522105437682,
      "13": 0.4685835721985457,
      "14": 0.39695388011970495,
      "15": 0.554994032430708,
      "16": 0.6512760116857824,
      "17": 0.6355326397870746,
      "18": 0.4402881753131408,
      "19": 0.7256520291664271,
      "20": 0.7676968409653546,
      "21": 0.9711932014672774,
      "22": 0.8858770646246595,
      "23": 0.6478124890955944,
      "24": 0.5009708274112393,
      "25": 0.6698760060755085,
      "26": 0.7281040558752906,
      "27": 0.8734380430463806,
      "28": 0.5797805101937661,
      "29": 0.6197115484120634,
      "30": 0.5079874088881794,
      "31": 0.6628186815062496,
      "32": 0.6597640406986244,
      "33": 0.6583359216255841,
      "34": 0.4591741783230945,
      "35": 0.5380315484189274
    },
    "avg_attention_to_think": 0.0013882991352444768,
    "avg_attention_to_observation": 0.0009214642057299536,
    "avg_attention_to_action": 0.0005140569466499541,
    "std_attention_to_think": 0.0017380579296583257,
    "std_attention_to_observation": 0.0010811443903332473,
    "std_attention_to_action": 0.0006261416586401564,
    "num_positions": 84
  },
  "action": {
    "avg_entropy_by_layer": {
      "0": 2.8444189263714685,
      "1": 3.9053453736835055,
      "2": 3.8402728173467846,
      "3": 2.1927402880456714,
      "4": 2.200957198937734,
      "5": 1.6424446453650792,
      "6": 2.2029973367849984,
      "7": 2.1938295629289417,
      "8": 2.336890243821674,
      "9": 2.043651236428155,
      "10": 2.3364589280552335,
      "11": 2.765367262893253,
      "12": 2.9342968927489386,
      "13": 2.13414114051395,
      "14": 2.631255269050598,
      "15": 2.5556499196423426,
      "16": 2.7947042518191867,
      "17": 3.0114077726999917,
      "18": 3.072980728414324,
      "19": 3.2726052602132163,
      "20": 2.776270992226071,
      "21": 3.2507119642363653,
      "22": 3.1279183427492776,
      "23": 2.9695329864819846,
      "24": 2.8404376672373877,
      "25": 2.253996706671185,
      "26": 2.7784928480784097,
      "27": 3.069166279501385,
      "28": 2.6242496371269226,
      "29": 2.3212175518274307,
      "30": 2.436165119210879,
      "31": 3.45322495036655,
      "32": 2.9093459480338626,
      "33": 2.6677326261997223,
      "34": 3.1823892063564725,
      "35": 3.076855527030097
    },
    "std_entropy_by_layer": {
      "0": 0.5269374105248563,
      "1": 0.3346320435375186,
      "2": 0.4027399990453117,
      "3": 0.4490069654921459,
      "4": 0.3581241349031175,
      "5": 0.42914720293085007,
      "6": 0.5211857543599749,
      "7": 0.7080427377900429,
      "8": 0.6907483336941106,
      "9": 0.3277770921990317,
      "10": 0.40541747930023386,
      "11": 0.4556222397360795,
      "12": 0.5143949183781169,
      "13": 0.3615320210346793,
      "14": 0.33546552687877856,
      "15": 0.37941146443344337,
      "16": 0.45975218257273764,
      "17": 0.5289440569156334,
      "18": 0.37895409782433886,
      "19": 0.5340484480592866,
      "20": 0.6505455543687146,
      "21": 0.6594910127931196,
      "22": 0.6329748819222596,
      "23": 0.5109494038432153,
      "24": 0.428851658434062,
      "25": 0.7044918001230077,
      "26": 0.5584400007308173,
      "27": 0.6071172731746479,
      "28": 0.5379317490783827,
      "29": 0.5452679436407804,
      "30": 0.502326358854808,
      "31": 0.405408684293538,
      "32": 0.5838961541878838,
      "33": 0.672032817912573,
      "34": 0.4431402780976734,
      "35": 0.47240262023500434
    },
    "avg_attention_to_think": 0.002689833197848622,
    "avg_attention_to_observation": 0.0007914646037010675,
    "avg_attention_to_action": 0.0009449104739989901,
    "std_attention_to_think": 0.0018240282015959302,
    "std_attention_to_observation": 0.0006572021754891295,
    "std_attention_to_action": 0.001372584105914911,
    "num_positions": 144
  },
  "post_response": {
    "avg_entropy_by_layer": {
      "0": 2.560558331012726,
      "1": 4.085257124900818,
      "2": 3.7666277408599855,
      "3": 2.5237594842910767,
      "4": 2.5033221364021303,
      "5": 2.375521349906921,
      "6": 3.0542742013931274,
      "7": 3.3374167919158935,
      "8": 3.288872981071472,
      "9": 2.2370255827903747,
      "10": 2.835119700431824,
      "11": 2.7746392607688906,
      "12": 3.04500093460083,
      "13": 2.5391438364982606,
      "14": 2.594168210029602,
      "15": 3.118043804168701,
      "16": 2.9905770778656007,
      "17": 3.1964715242385866,
      "18": 3.2311596155166624,
      "19": 3.3511325120925903,
      "20": 3.307857084274292,
      "21": 3.5260712623596193,
      "22": 3.598560428619385,
      "23": 3.1418487787246705,
      "24": 2.9826924085617064,
      "25": 2.7459213733673096,
      "26": 3.0365092039108275,
      "27": 3.093057131767273,
      "28": 2.4466066002845763,
      "29": 2.542369914054871,
      "30": 2.818184804916382,
      "31": 3.569420647621155,
      "32": 2.4457146525382996,
      "33": 2.251620364189148,
      "34": 3.1469634056091307,
      "35": 2.9113992929458616
    },
    "std_entropy_by_layer": {
      "0": 1.114111609395518,
      "1": 0.2356891022123771,
      "2": 0.2983554292564413,
      "3": 0.28894527814158044,
      "4": 0.36205660584452465,
      "5": 0.33004432629711355,
      "6": 0.20090320074173282,
      "7": 0.3908355479837959,
      "8": 0.32435080572164643,
      "9": 0.29814803292543585,
      "10": 0.5160257039632351,
      "11": 0.6982958203706456,
      "12": 0.5390651925853264,
      "13": 0.33543203344534545,
      "14": 0.42300935371571685,
      "15": 0.3027022575476777,
      "16": 0.5336225045667339,
      "17": 0.2628197563267427,
      "18": 0.37241380690000836,
      "19": 0.2453736656518096,
      "20": 0.4041550802663148,
      "21": 0.3935417378154792,
      "22": 0.4066281709058869,
      "23": 0.44062484859184026,
      "24": 0.39527171071958694,
      "25": 0.4193358434238325,
      "26": 0.42956721567321576,
      "27": 0.3075359795716723,
      "28": 0.44053725904619007,
      "29": 0.23403899258445346,
      "30": 0.24322699379251977,
      "31": 0.23808343876832844,
      "32": 0.3743971400321234,
      "33": 0.41463664528602495,
      "34": 0.4621976763017661,
      "35": 0.6722446631826201
    },
    "avg_attention_to_think": 0.001895957163952548,
    "avg_attention_to_observation": 0.002698005962481696,
    "avg_attention_to_action": 0.0010380927213402683,