{
  "think": {
    "avg_entropy_by_layer": {
      "0": 2.6779385089874266,
      "9": 2.012293744087219,
      "18": 2.7135563254356385,
      "28": 2.4988616585731505,
      "29": 2.141252410411835,
      "30": 1.9424162983894349,
      "31": 3.0948020696640013,
      "32": 2.450370979309082,
      "33": 2.12196489572525,
      "34": 2.941489815711975,
      "35": 2.898916244506836
    },
    "std_entropy_by_layer": {
      "0": 0.4988100203112546,
      "9": 0.4147034868837971,
      "18": 0.4814310330237861,
      "28": 0.5874174212376326,
      "29": 0.6486931393843522,
      "30": 0.48950509205443354,
      "31": 0.6036165004162839,
      "32": 0.5494700559824579,
      "33": 0.5827084712446025,
      "34": 0.5404462286775482,
      "35": 0.5303132710102877
    },
    "avg_attention_to_think": 0.0017106049290153379,
    "avg_attention_to_observation": 0.0012391951776319933,
    "avg_attention_to_action": 0.0006225362802163148,
    "std_attention_to_think": 0.001919732665180478,
    "std_attention_to_observation": 0.0013059655785568663,
    "std_attention_to_action": 0.0006892991307677982,
    "num_positions": 40
  },
  "action": {
    "avg_entropy_by_layer": {
      "0": 2.708749008178711,
      "9": 2.062915062904358,
      "18": 2.9313608050346374,
      "28": 2.4732793092727663,
      "29": 2.263354408740997,
      "30": 2.3534098982810976,
      "31": 3.389820027351379,
      "32": 2.7953737139701844,
      "33": 2.5162842512130736,
      "34": 3.0291280508041383,
      "35": 2.988236737251282
    },
    "std_entropy_by_layer": {
      "0": 0.5274209275612054,
      "9": 0.24628167268044054,
      "18": 0.4788443352543989,
      "28": 0.5186565471659612,
      "29": 0.48855287249970464,
      "30": 0.5130978778626532,
      "31": 0.3918016865877008,
      "32": 0.5435555873515192,
      "33": 0.6383903885026602,
      "34": 0.40911975208693335,
      "35": 0.3794571011161207
    },
    "avg_attention_to_think": 0.003265392385463749,
    "avg_attention_to_observation": 0.0008798337751819242,
    "avg_attention_to_action": 0.0007886174511153211,
    "std_attention_to_think": 0.002613970764087637,
    "std_attention_to_observation": 0.0006778922143970031,
    "std_attention_to_action": 0.0007261833300931917,
    "num_positions": 40
  },
  "post_response": {
    "avg_entropy_by_layer": {
      "0": 2.5679975748062134,
      "9": 2.2298821687698362,
      "18": 3.232847476005554,
      "28": 2.441353440284729,
      "29": 2.549481010437012,
      "30": 2.8382147312164308,
      "31": 3.5824464321136475,
      "32": 2.4991650700569155,
      "33": 2.3049206256866457,
      "34": 3.1458434104919433,
      "35": 2.9240665197372437
    },
    "std_entropy_by_layer": {
      "0": 1.1167330157499196,
      "9": 0.30423966641398686,
      "18": 0.37455559267605354,
      "28": 0.44247766374251907,
      "29": 0.24053201599430823,
      "30": 0.23464594580865686,
      "31": 0.23407412241051942,
      "32": 0.35978019417299645,
      "33": 0.3763648508996365,
      "34": 0.4725611136836566,
      "35": 0.6746063474700343
    },
    "avg_attention_to_think": 0.0019074376287131476,
    "avg_attention_to_observation": 0.002808617227088471,
    "avg_attention_to_action": 0.0010553322914603502,
    "std_attention_to_think": 0.0008323332475286049,
    "std_attention_to_observation": 0.0016874867241058599,
    "std_attention_to_action": 0.0005976047246872301,
    "num_positions": 40
  }
}