{
  "think": {
    "avg_entropy_by_layer": {
      "0": 2.5978390421186175,
      "1": 3.6256663935525077,
      "2": 3.5868849209376745,
      "3": 1.783209867136819,
      "4": 1.8281232493264334,
      "5": 1.1865299241883414,
      "6": 1.7091253348759243,
      "7": 1.7407492331096104,
      "8": 1.912966879776546,
      "9": 1.90819251537323,
      "10": 1.9856888771057128,
      "11": 2.5349032946995327,
      "12": 2.663884288924081,
      "13": 2.0927232844488963,
      "14": 2.437781391824995,
      "15": 2.2633509159088137,
      "16": 2.554016774041312,
      "17": 2.4561398914882115,
      "18": 2.7054875339780535,
      "19": 2.802549260003226,
      "20": 2.155906357084002,
      "21": 2.870384332111904,
      "22": 2.68398346560342,
      "23": 2.788654671396528,
      "24": 2.5119109289986747,
      "25": 1.5737499577658518,
      "26": 2.4102864844458445,
      "27": 2.7451411383492608,
      "28": 2.373600697517395,
      "29": 2.0062412670680456,
      "30": 1.8085380826677595,
      "31": 2.9741161925452095,
      "32": 2.3300552572522846,
      "33": 2.007846222605024,
      "34": 2.863389798573085,
      "35": 2.714380969320025
    },
    "std_entropy_by_layer": {
      "0": 0.37704630471481204,
      "1": 0.43753789666513976,
      "2": 0.38877641305205873,
      "3": 0.45832052467057327,
      "4": 0.3419647951101695,
      "5": 0.2978138650491008,
      "6": 0.5474623810699322,
      "7": 0.7443400036944081,
      "8": 0.5920168223375856,
      "9": 0.30652072747305603,
      "10": 0.5263247200943325,
      "11": 0.5979863563425669,
      "12": 0.5833381931233426,
      "13": 0.48699520599225715,
      "14": 0.40515406403125925,
      "15": 0.5534340172643119,
      "16": 0.6270231833066049,
      "17": 0.6668959380849236,
      "18": 0.49439889022943206,
      "19": 0.7447041460088444,
      "20": 0.7332315185650015,
      "21": 0.9291467595619268,
      "22": 0.8515935287889534,
      "23": 0.6373634201334876,
      "24": 0.5319332958207617,
      "25": 0.6749232269965759,
      "26": 0.7678932501599716,
      "27": 0.9043513321845561,
      "28": 0.6428252677068379,
      "29": 0.7485055491749343,
      "30": 0.5065868297928053,
      "31": 0.68590855145335,
      "32": 0.682493214015422,
      "33": 0.7348405085987182,
      "34": 0.5020115673526135,
      "35": 0.5420973769311428
    },
    "avg_attention_to_think": 0.48193209682192123,
    "avg_attention_to_observation": 0.03832486697605678,
    "num_samples": 140
  },
  "action": {
    "avg_entropy_by_layer": {
      "0": 2.817463884751002,
      "1": 3.8674726645151773,
      "2": 3.8580229957898458,
      "3": 2.146290906270345,
      "4": 2.1548975348472594,
      "5": 1.6315283675988514,
      "6": 2.1628669540087384,
      "7": 2.1474202891190846,
      "8": 2.2849344114462533,
      "9": 2.008799582719803,
      "10": 2.3086476802825926,
      "11": 2.749518370628357,
      "12": 2.919873583316803,
      "13": 2.116718562444051,
      "14": 2.616360596815745,
      "15": 2.5255328595638273,
      "16": 2.7789806644121806,
      "17": 2.937941426038742,
      "18": 3.0288483361403147,
      "19": 3.1868639906247456,
      "20": 2.737838250398636,
      "21": 3.198736298084259,
      "22": 3.111094214518865,
      "23": 2.990586306651433,
      "24": 2.816983248790105,
      "25": 2.1966475546360016,
      "26": 2.7707976698875427,
      "27": 3.04906471769015,
      "28": 2.5721831341584522,
      "29": 2.3094580362240476,
      "30": 2.4495149811108905,
      "31": 3.449386405944824,
      "32": 2.900081326564153,
      "33": 2.645662126938502,
      "34": 3.1569304625193277,
      "35": 3.0531800031661986
    },
    "std_entropy_by_layer": {
      "0": 0.536039537290469,
      "1": 0.33736025671555153,
      "2": 0.3610954006581062,
      "3": 0.46117355071331395,
      "4": 0.3866203967955178,
      "5": 0.43821985079246584,
      "6": 0.5500740723816038,
      "7": 0.7746612535967076,
      "8": 0.6941990646512978,
      "9": 0.3010109404841727,
      "10": 0.4924136071795651,
      "11": 0.4450263559097145,
      "12": 0.508868450547323,
      "13": 0.43980169225032334,
      "14": 0.35531842126784596,
      "15": 0.47412527057644904,
      "16": 0.5537334772749016,
      "17": 0.5804045837944328,
      "18": 0.41409462818248716,
      "19": 0.49487956996675303,
      "20": 0.6743872699528379,
      "21": 0.6820597123053918,
      "22": 0.6288642764493109,
      "23": 0.49069946313818014,
      "24": 0.4714744556940738,
      "25": 0.741455745772299,
      "26": 0.5883173254391596,
      "27": 0.6468654087345675,
      "28": 0.5652591424731747,
      "29": 0.6094293623654494,
      "30": 0.5745097343752458,
      "31": 0.4897646212134694,
      "32": 0.6850220243145551,
      "33": 0.7689441206849855,
      "34": 0.47891222884842327,
      "35": 0.5245692782463366
    },
    "avg_attention_to_think": 0.12190885742505392,
    "avg_attention_to_observation": 0.033679564793904625,
    "num_samples": 240
  },
  "post_response": {
    "avg_entropy_by_layer": {
      "0": 1.3259041905403137,
      "1": 4.2962000370025635,
      "2": 3.894999861717224,
      "3": 2.7842735052108765,
      "4": 2.9671409130096436,
      "5": 2.7691285610198975,
      "6": 3.188032031059265,
      "7": 3.4562662839889526,
      "8": 3.2108094692230225,
      "9": 2.103335916996002,
      "10": 2.4138447046279907,
      "11": 1.9667190909385681,
      "12": 2.7613298892974854,
      "13": 2.3584262132644653,
      "14": 2.169280529022217,
      "15": 2.8650364875793457,
      "16": 2.7467609643936157,
      "17": 3.4259819984436035,
      "18": 2.996703624725342,
      "19": 3.2307621240615845,
      "20": 3.1589349508285522,
      "21": 3.157037854194641,
      "22": 3.122625946998596,
      "23": 2.606620192527771,
      "24": 2.514241099357605,
      "25": 2.963734984397888,
      "26": 2.6822906732559204,
      "27": 2.711066722869873,
      "28": 1.8943147659301758,
      "29": 2.334004282951355,
      "30": 2.6781009435653687,
      "31": 3.5233852863311768,
      "32": 2.3784101009368896,
      "33": 2.0220855474472046,
      "34": 2.8816481828689575,
      "35": 2.2606643438339233
    },
    "std_entropy_by_layer": {
      "0": 0.0080757737159729,
      "1": 0.1882469654083252,
      "2": 0.1706329584121704,
      "3": 0.20019423961639404,
      "4": 0.12830710411071777,
      "5": 0.13886094093322754,
      "6": 0.14004027843475342,
      "7": 0.2057276964187622,
      "8": 0.21040034294128418,
      "9": 0.11734050512313843,
      "10": 0.11266839504241943,
      "11": 0.07488280534744263,
      "12": 0.22634601593017578,
      "13": 0.18991219997406006,
      "14": 0.12379789352416992,
      "15": 0.08481740951538086,
      "16": 0.00918591022491455,
      "17": 0.11513996124267578,
      "18": 0.17713427543640137,
      "19": 0.2002190351486206,
      "20": 0.17961442470550537,
      "21": 0.22276389598846436,
      "22": 0.22958409786224365,
      "23": 0.2552264928817749,
      "24": 0.1583627462387085,
      "25": 0.2140752077102661,
      "26": 0.08364236354827881,
      "27": 0.08948636054992676,
      "28": 0.024374008178710938,
      "29": 0.13550889492034912,
      "30": 0.203161358833313,
      "31": 0.15160393714904785,
      "32": 0.07874846458435059,
      "33": 0.00465548038482666,
      "34": 0.1950143575668335,
      "35": 0.1665712594985962
    },
    "avg_attention_to_think": 0.04567843675613403,
    "avg_attention_to_observation": 0.0723758339881897,
    "num_samples": 8
  }
}