{
  "think": {
    "avg_entropy_by_layer": {
      "0": 2.6733012952302633,
      "1": 3.6299856085526314,
      "2": 3.5691560444078947,
      "3": 1.8226125616776316,
      "4": 1.842002467105263,
      "5": 1.221287777549342,
      "6": 1.750758120888158,
      "7": 1.781140779194079,
      "8": 1.9736777857730263,
      "9": 1.8831208881578947,
      "10": 2.0555419921875,
      "11": 2.515946237664474,
      "12": 2.64013671875,
      "13": 2.0584909539473686,
      "14": 2.4188425164473686,
      "15": 2.2381399054276314,
      "16": 2.540482370476974,
      "17": 2.4507863898026314,
      "18": 2.6842619243421053,
      "19": 2.7803633840460527,
      "20": 2.1274735300164473,
      "21": NaN,
      "22": 2.6320736533717106,
      "23": 2.7432925575657894,
      "24": 2.4791067023026314,
      "25": 1.591722990337171,
      "26": 2.379445929276316,
      "27": 2.7027009662828947,
      "28": 2.321456106085526,
      "29": 1.969508120888158,
      "30": 1.8277780633223684,
      "31": 2.9737484580592106,
      "32": NaN,
      "33": NaN,
      "34": 2.866943359375,
      "35": 2.7464406866776314
    },
    "std_entropy_by_layer": {
      "0": 0.4260079257121956,
      "1": 0.4457475245047898,
      "2": 0.38171572838575046,
      "3": 0.488232418249724,
      "4": 0.3654234033363806,
      "5": 0.3449370501420599,
      "6": 0.5857806207603747,
      "7": 0.8375937068514491,
      "8": 0.6592604258928976,
      "9": 0.3584726632173422,
      "10": 0.5865642428112182,
      "11": 0.6015484694300635,
      "12": 0.5787563972947822,
      "13": 0.4973472843018376,
      "14": 0.4378608012925453,
      "15": 0.5546177441474592,
      "16": 0.6421751489262785,
      "17": 0.6863183462683783,
      "18": 0.4845595524214133,
      "19": 0.7664637441072719,
      "20": 0.7293390151723058,
      "21": NaN,
      "22": 0.8881893562066909,
      "23": 0.6488298397242617,
      "24": 0.5427950477053607,
      "25": 0.69343961305973,
      "26": 0.7440842232203579,
      "27": 0.8859663431533907,
      "28": 0.6264961682843502,
      "29": 0.6787013529702853,
      "30": 0.5215093865169294,
      "31": 0.6525269637582962,
      "32": NaN,
      "33": NaN,
      "34": 0.4976117700856546,
      "35": 0.5554030072374581
    },
    "avg_attention_to_think": 0.48608009752474335,
    "avg_attention_to_observation": 0.03999550091592889,
    "num_samples": 304
  },
  "action": {
    "avg_entropy_by_layer": {
      "0": 2.856008638211382,
      "1": 3.904249237804878,
      "2": 3.862566692073171,
      "3": 2.190207380589431,
      "4": 2.1746697154471546,
      "5": 1.6170009209857723,
      "6": 2.1853563262195124,
      "7": 2.186062944613821,
      "8": 2.298415269308943,
      "9": 2.0184435340447155,
      "10": 2.321574885670732,
      "11": 2.746506605691057,
      "12": 2.9317835365853657,
      "13": 2.1263814786585367,
      "14": 2.6451505335365852,
      "15": 2.5369426448170733,
      "16": NaN,
      "17": 2.959063770325203,
      "18": 3.0354103150406506,
      "19": 3.2189087906504064,
      "20": 2.730810149898374,
      "21": NaN,
      "22": 3.1093114837398375,
      "23": 2.986042301829268,
      "24": 2.8070137830284554,
      "25": 2.2026922954776422,
      "26": 2.751262385670732,
      "27": 2.9922430767276422,
      "28": 2.526494220020325,
      "29": 2.242775025406504,
      "30": 2.429909806910569,
      "31": 3.422748348577236,
      "32": NaN,
      "33": NaN,
      "34": 3.135353150406504,
      "35": 3.032544143800813
    },
    "std_entropy_by_layer": {
      "0": 0.533245354126586,
      "1": 0.3535841320021754,
      "2": 0.3656323888048553,
      "3": 0.4686621245102248,
      "4": 0.38444574096223577,
      "5": 0.43491257461034344,
      "6": 0.5483639415545273,
      "7": 0.7834786815095882,
      "8": 0.6616034054436658,
      "9": 0.32434088586821913,
      "10": 0.48433942657399476,
      "11": 0.4815190737730365,
      "12": 0.5396583933308968,
      "13": 0.4320599398839031,
      "14": 0.378737850868836,
      "15": 0.4795239640996129,
      "16": NaN,
      "17": 0.5684183126530256,
      "18": 0.40987183743803485,
      "19": 0.4979669186411878,
      "20": 0.7033003423821635,
      "21": NaN,
      "22": 0.6310653481531998,
      "23": 0.4997823401437647,
      "24": 0.46439614384558037,
      "25": 0.7267977271402853,
      "26": 0.5652311537972028,
      "27": 0.6286614490159899,
      "28": 0.512578799238877,
      "29": 0.5979290863193197,
      "30": 0.5835800034331047,
      "31": 0.48031950254767863,
      "32": NaN,
      "33": NaN,
      "34": 0.4760247120072447,
      "35": 0.5289764940133187
    },
    "avg_attention_to_think": 0.12043370221688496,
    "avg_attention_to_observation": 0.03392968235946283,
    "num_samples": 492
  },
  "post_response": {
    "avg_entropy_by_layer": {
      "0": 1.32568359375,
      "1": 4.296875,
      "2": 3.8955078125,
      "3": 2.7841796875,
      "4": 2.966796875,
      "5": 2.76953125,
      "6": 3.1875,
      "7": 3.4560546875,
      "8": 3.2109375,
      "9": 2.10302734375,
      "10": 2.4140625,
      "11": 1.96630859375,
      "12": 2.76171875,
      "13": 2.3583984375,
      "14": 2.1689453125,
      "15": 2.8642578125,
      "16": 2.74609375,
      "17": 3.42578125,
      "18": 2.9970703125,
      "19": 3.2314453125,
      "20": 3.158203125,
      "21": 3.15625,
      "22": 3.1220703125,
      "23": 2.6064453125,
      "24": 2.513671875,
      "25": 2.9638671875,
      "26": 2.6826171875,
      "27": 2.7109375,
      "28": 1.89453125,
      "29": 2.333984375,
      "30": 2.677734375,
      "31": 3.5244140625,
      "32": 2.3779296875,
      "33": NaN,
      "34": 2.880859375,
      "35": 2.2607421875
    },
    "std_entropy_by_layer": {
      "0": 0.00830078125,
      "1": 0.1875,
      "2": 0.1708984375,
      "3": 0.2001953125,
      "4": 0.12890625,
      "5": 0.138671875,
      "6": 0.140625,
      "7": 0.2060546875,
      "8": 0.2109375,
      "9": 0.11767578125,
      "10": 0.11328125,
      "11": 0.07470703125,
      "12": 0.2265625,
      "13": 0.1904296875,
      "14": 0.1240234375,
      "15": 0.0849609375,
      "16": 0.009765625,
      "17": 0.115234375,
      "18": 0.1767578125,
      "19": 0.2001953125,
      "20": 0.1796875,
      "21": 0.22265625,
      "22": 0.2294921875,
      "23": 0.2548828125,
      "24": 0.158203125,
      "25": 0.2138671875,
      "26": 0.0830078125,
      "27": 0.08984375,
      "28": 0.0244140625,
      "29": 0.134765625,
      "30": 0.203125,
      "31": 0.1513671875,
      "32": 0.0791015625,
      "33": NaN,
      "34": 0.1953125,
      "35": 0.1669921875
    },
    "avg_attention_to_think": 0.04567843675613403,
    "avg_attention_to_observation": 0.0723758339881897,
    "num_samples": 8
  }
}